turmas,turma,ciclo,irmao_(10%),sindicato_(30%),funcionarios_(100%),10%,15%,20%,25%,30%,35%,40%,45%,50%,65%,79%,80%,90%,95%,100%,total_alunos,total_bolsas,bolsas_perc_alunos,total_bolsa_edital,bolsa_edital_total_bolsas_perc,irmao_(10%),sindicato_(30%),funcionarios_(100%),10%,15%,20%,25%,30%,35%,40%,45%,50%,65%,79%,80%,90%,95%,100%,total_isencoes,isencao_bolsa_edital,irmao_(10%),sindicato_(30%),funcionarios_(100%),10%,15%,20%,25%,30%,35%,40%,45%,50%,65%,79%,80%,90%,95%,100%,mensalidade_integral,mensalidade_bolsistas,total_mensalidades,desconto_bolsa_social,mensalidade_atual,reajuste_5pct,reajuste_7pct,reajuste_10pct
Maternal M,Maternal,0,9,0,2,1,1,0,0,0,1,0,0,1,0,0,0,0,0,0,18,15,83.33,4,26.7,1531.8,0,3404,170.2,255.3,0,0,0,595.7,0,0,851,0,0,0,0,0,0,1872.2,1872.2,13786.2,0,0,1531.8,1446.7,0,0,0,1106.3,0,0,851,0,0,0,0,0,0,5106,18722,23828,4935.8,1702,1787,1912,2103
Maternal T,Maternal,0,0,0,0,0,0,0,0,0,0,0,2,1,0,0,0,0,0,0,9,3,33.33,3,100,0,0,0,0,0,0,0,0,0,0,1417.5,787.5,0,0,0,0,0,0,2205,2205,0,0,0,0,0,0,0,0,0,0,1732.5,787.5,0,0,0,0,0,0,9450,2520,11970,2520,1575,1654,1770,1946
Jardim M,Jardim,0,12,0,2,0,1,0,1,0,0,0,0,0,0,0,0,0,0,0,26,16,61.54,2,12.5,2064,0,3440,0,258,0,430,0,0,0,0,0,0,0,0,0,0,0,688,688,18576,0,0,0,1462,0,1290,0,0,0,0,0,0,0,0,0,0,0,17200,21328,38528,2752,1720,1806,1932,2126
Jardim T,Jardim,0,0,0,0,1,0,1,0,0,0,0,0,0,1,0,0,0,0,0,13,3,23.08,3,100,0,0,0,159.3,0,318.6,0,0,0,0,0,0,1035.45,0,0,0,0,0,1513.4,1513.4,0,0,0,1433.7,0,1274.4,0,0,0,0,0,0,716.85,0,0,0,0,0,15930,3425,19355,3425,1593,1673,1790,1969
1° ano,1° ano,1,6,0,3,0,2,0,0,2,0,0,0,0,0,0,0,0,0,1,23,14,60.87,5,35.7,1163.4,0,5817,0,581.7,0,0,1163.4,0,0,0,0,0,0,0,0,0,1939,3684.1,3684.1,10470.6,0,0,0,3296.3,0,0,2714.6,0,0,0,0,0,0,0,0,0,0,17451,16481.5,33932.5,6010.9,1939,2036,2178,2396
2° ano,2° ano,1,7,0,3,0,2,1,0,0,0,0,0,0,0,0,0,0,0,0,29,13,44.83,3,23.1,1357.3,0,5817,0,581.7,387.8,0,0,0,0,0,0,0,0,0,0,0,0,969.5,969.5,12215.7,0,0,0,3296.3,1551.2,0,0,0,0,0,0,0,0,0,0,0,0,31024,17063.2,48087.2,4847.5,1939,2036,2178,2396
3° ano,3° ano,1,3,0,6,1,2,1,0,2,0,0,0,0,0,0,0,0,0,0,30,15,50,6,40,581.7,0,11634,193.9,581.7,387.8,0,1163.4,0,0,0,0,0,0,0,0,0,0,2326.8,2326.8,5235.3,0,0,1745.1,3296.3,1551.2,0,2714.6,0,0,0,0,0,0,0,0,0,0,29085,14542.5,43627.5,9307.2,1939,2036,2178,2396
4° ano,4° ano,1,4,0,1,1,0,1,0,1,0,0,0,0,0,0,0,0,0,0,23,8,34.78,3,37.5,775.6,0,1939,193.9,0,387.8,0,581.7,0,0,0,0,0,0,0,0,0,0,1163.4,1163.4,6980.4,0,0,1745.1,0,1551.2,0,1357.3,0,0,0,0,0,0,0,0,0,0,29085,11634,40719,4653.6,1939,2036,2178,2396
5° ano,5° ano,2,3,3,2,0,3,0,1,0,0,0,0,2,0,0,0,0,0,0,28,14,50,6,42.9,589.5,1768.5,3930,0,884.25,0,491.25,0,0,0,0,1965,0,0,0,0,0,0,3340.5,3340.5,5305.5,4126.5,0,0,5010.75,0,1473.75,0,0,0,0,1965,0,0,0,0,0,0,27510,17881.5,45391.5,8449.5,1965,2063,2208,2428
6° ano,6° ano,2,4,0,2,0,0,1,0,0,0,0,0,0,0,0,0,0,0,0,22,7,31.82,1,14.3,796,0,3980,0,0,398,0,0,0,0,0,0,0,0,0,0,0,0,398,398,7164,0,0,0,0,1592,0,0,0,0,0,0,0,0,0,0,0,0,29850,8756,38606,1592,1990,2090,2236,2459
7° ano,7° ano,2,2,1,3,0,2,0,0,1,0,0,0,0,0,0,1,0,0,1,18,11,61.11,5,45.5,398,597,5970,0,597,0,0,597,0,0,0,0,0,0,1592,0,0,1990,4776,4776,3582,1393,0,0,3383,0,0,1393,0,0,0,0,0,0,398,0,0,0,13930,10149,24079,5174,1990,2090,2236,2459
8° ano,8° ano,2,2,0,2,1,3,1,1,0,0,0,0,0,0,0,0,0,0,0,17,10,58.82,6,60,398,0,3980,199,895.5,398,497.5,0,0,0,0,0,0,0,0,0,0,0,1990,1990,3582,0,0,1791,5074.5,1592,1492.5,0,0,0,0,0,0,0,0,0,0,0,13930,13532,27462,9950,1990,2090,2236,2459
9° ano,9° ano,3,0,0,4,0,0,1,0,1,0,0,0,0,0,0,0,0,0,0,13,6,46.15,2,33.3,0,0,9328,0,0,466.4,0,699.6,0,0,0,0,0,0,0,0,0,0,1166,1166,0,0,0,0,0,1865.6,0,1632.4,0,0,0,0,0,0,0,0,0,0,16324,3498,19822,3498,2332,2449,2620,2882
10° ano,10° ano,3,0,1,3,1,0,2,1,1,0,0,0,0,0,1,0,0,0,1,21,11,52.38,7,63.6,0,699.6,6996,233.2,0,932.8,583,699.6,0,0,0,0,0,1842.28,0,0,0,2332,6622.9,6622.9,0,1632.4,0,2098.8,0,3731.2,1749,1632.4,0,0,0,0,0,489.72,0,0,0,0,23320,11333.5,34653.5,9701.1,2332,2449,2620,2882
11° ano,11° ano,3,0,0,1,0,0,0,0,0,0,0,0,1,0,0,0,1,1,0,11,4,36.36,3,75,0,0,2332,0,0,0,0,0,0,0,0,1166,0,0,0,2098.8,2215.4,0,5480.2,5480.2,0,0,0,0,0,0,0,0,0,0,0,1166,0,0,0,233.2,116.6,0,16324,1515.8,17839.8,1515.8,2332,2449,2620,2882
12° ano,12° ano,3,0,0,4,1,0,0,0,0,0,1,0,0,0,0,0,0,0,0,15,6,40,2,33.3,0,0,9328,233.2,0,0,0,0,0,932.8,0,0,0,0,0,0,0,0,1166,1166,0,0,0,2098.8,0,0,0,0,0,1399.2,0,0,0,0,0,0,0,0,20988,3498,24486,3498,2332,2449,2620,2882
total,,total,52,5,38,7,16,9,4,8,1,1,2,5,1,1,1,1,1,3,316,156,768.4,61,743.4,9655.3,3065.1,77895,1382.7,4635.15,3677.2,2001.75,4904.7,595.7,932.8,1417.5,4769.5,1035.45,1842.28,1592,2098.8,2215.4,6261,39362,39362,86897.7,7151.9,0,12444.3,26265.85,14708.8,6005.25,11444.3,1106.3,1399.2,1732.5,4769.5,716.85,489.72,398,233.2,116.6,0,316507,175880,492387,81830.4,,,,
